datetime_mst,vehicleId,speed,latitude,longitude,altitude,heading,vibration
2022-10-03 15:14:00,TK542,17.829452514648438,50.201950,-114.900635,1751,320,8
2022-10-03 15:14:01,TK542,16.940439224243164,50.201980,-114.900670,1751,320,8
2022-10-03 15:14:02,TK542,16.83915138244629,50.202020,-114.900730,1751,320,5.699999809265137
2022-10-03 15:14:03,TK542,16.68202781677246,50.202053,-114.900764,1752,320,8.800000190734863
2022-10-03 15:14:04,TK542,16.160430908203125,50.202084,-114.900800,1752,320,6
2022-10-03 15:14:05,TK542,15.183125495910645,50.202114,-114.900850,1752,320,11.5
2022-10-03 15:14:06,TK582,0,50.204277,-114.902450,1767,25,0.30000001192092896
2022-10-03 15:14:06,TK542,14.316598892211914,50.202145,-114.900890,1752,320,10.800000190734863
2022-10-03 15:14:07,TK542,13.657718658447266,50.202164,-114.900910,1752,320,14.399999618530273
2022-10-03 15:14:09,TK542,14.123750686645508,50.202200,-114.900960,1752,320,11.5
2022-10-03 15:14:10,TK542,14.556870460510254,50.202232,-114.901000,1752,320,8.199999809265137
2022-10-03 15:14:11,TK542,14.820505142211914,50.202263,-114.901040,1753,321,5.900000095367432
2022-10-03 15:14:12,L17755,0.3671294152736664,50.201378,-114.901306,1752,193,0.699999988079071
2022-10-03 15:14:12,TK542,14.73169994354248,50.202297,-114.901080,1753,320,6.5
2022-10-03 15:14:13,L17755,1.327614426612854,50.201374,-114.901306,1752,193,2.0999999046325684
2022-10-03 15:14:13,TK542,14.878935813903809,50.202324,-114.901115,1753,320,7.300000190734863
2022-10-03 15:14:14,L17755,2.2027764320373535,50.201366,-114.901306,1752,191,3.0999999046325684
2022-10-03 15:14:14,TK542,15.385947227478027,50.202360,-114.901160,1753,320,7
2022-10-03 15:14:15,TK542,16.068466186523438,50.202390,-114.901200,1753,319,6.800000190734863
2022-10-03 15:14:15,L17755,2.8054604530334473,50.201360,-114.901310,1752,189,1.600000023841858
2022-10-03 15:14:16,TK542,15.700994491577148,50.202423,-114.901245,1754,319,11.899999618530273
2022-10-03 15:14:16,L17755,3.970458984375,50.201344,-114.901310,1752,184,2
2022-10-03 15:14:17,TK542,15.771533966064453,50.202457,-114.901290,1754,319,6.300000190734863
2022-10-03 15:14:17,L17755,5.088749885559082,50.201330,-114.901306,1752,175,5
2022-10-03 15:14:18,TK542,14.843616485595703,50.202484,-114.901330,1754,318,12.300000190734863
2022-10-03 15:14:18,L17755,5.806834697723389,50.201313,-114.901300,1752,166,3.5999999046325684
2022-10-03 15:14:19,TK542,13.881723403930664,50.202510,-114.901370,1754,319,5
2022-10-03 15:14:19,L17755,6.488893985748291,50.201294,-114.901276,1752,152,5.199999809265137
2022-10-03 15:14:20,TK542,13.21450138092041,50.202540,-114.901405,1755,318,10.199999809265137
2022-10-03 15:14:21,L17755,7.573530673980713,50.201280,-114.901250,1752,140,4.300000190734863
2022-10-03 15:14:22,TK542,12.245927810668945,50.202564,-114.901440,1755,318,8.399999618530273
2022-10-03 15:14:22,L17755,8.569210052490234,50.201263,-114.901220,1752,127,2.799999952316284
2022-10-03 15:14:23,TK542,11.612832069396973,50.202587,-114.901470,1755,319,9.5
2022-10-03 15:14:23,L17755,9.56387996673584,50.201252,-114.901184,1752,115,5.699999809265137
2022-10-03 15:14:24,TK542,11.159826278686523,50.202610,-114.901500,1755,319,7.800000190734863
2022-10-03 15:14:24,L17755,10.643465995788574,50.201244,-114.901140,1752,103,6.5
2022-10-03 15:14:25,TK542,10.804618835449219,50.202633,-114.901530,1756,319,10.899999618530273
2022-10-03 15:14:25,L17755,11.688529968261719,50.201240,-114.901090,1752,95,7
2022-10-03 15:14:25,TK669,12.253809928894043,50.200980,-114.899110,1741,312,2.200000047683716
2022-10-03 15:14:26,TK542,10.504661560058594,50.202652,-114.901550,1756,320,6.300000190734863
2022-10-03 15:14:26,L17755,12.889256477355957,50.201237,-114.901030,1751,90,6.699999809265137
2022-10-03 15:14:26,TK669,12.41081428527832,50.201004,-114.899150,1741,312,3.0999999046325684
2022-10-03 15:14:27,TK542,10.453956604003906,50.202675,-114.901580,1756,320,9.399999618530273
2022-10-03 15:14:27,L17755,13.179983139038086,50.201237,-114.900970,1751,88,7.699999809265137
2022-10-03 15:14:27,TK669,12.395088195800781,50.201027,-114.899190,1742,311,2.700000047683716
2022-10-03 15:14:28,TK542,10.31637191772461,50.202698,-114.901610,1756,319,4.699999809265137
2022-10-03 15:14:28,L17755,12.637435913085938,50.201237,-114.900920,1751,85,6.300000190734863
2022-10-03 15:14:28,TK669,12.320470809936523,50.201050,-114.899230,1742,311,1.7999999523162842
2022-10-03 15:14:29,TK542,10.492070198059082,50.202717,-114.901640,1757,319,3.799999952316284
2022-10-03 15:14:29,L17755,12.327200889587402,50.201237,-114.900870,1751,87,9.5
2022-10-03 15:14:30,TK669,11.985459327697754,50.201073,-114.899270,1742,311,3.200000047683716
2022-10-03 15:14:30,TK542,10.523459434509277,50.202740,-114.901670,1757,319,5.5
2022-10-03 15:14:30,L17755,12.372692108154297,50.201240,-114.900820,1751,84,6
2022-10-03 15:14:31,TK669,11.752387046813965,50.201090,-114.899310,1743,311,1.899999976158142
2022-10-03 15:14:31,TK542,10.39876651763916,50.202763,-114.901695,1757,319,4.400000095367432
2022-10-03 15:14:31,L17755,12.086138725280762,50.201240,-114.900764,1750,84,4.900000095367432
2022-10-03 15:14:32,TK669,11.851438522338867,50.201115,-114.899340,1743,312,2.799999952316284
2022-10-03 15:14:32,TK542,10.504661560058594,50.202785,-114.901726,1757,320,8
2022-10-03 15:14:33,L17755,11.94663143157959,50.201244,-114.900710,1750,83,6.099999904632568
2022-10-03 15:14:33,TK669,11.827301025390625,50.201138,-114.899380,1743,312,2.0999999046325684
2022-10-03 15:14:33,TK542,10.306631088256836,50.202810,-114.901760,1757,320,3.700000047683716
2022-10-03 15:14:34,L17755,11.07238483428955,50.201250,-114.900665,1750,84,5.900000095367432
2022-10-03 15:14:34,TK669,11.830039978027344,50.201160,-114.899420,1744,311,2.700000047683716
2022-10-03 15:14:35,TK542,10.311659812927246,50.202827,-114.901780,1757,320,6
2022-10-03 15:14:35,L17755,10.936062812805176,50.201252,-114.900620,1750,82,6.5
2022-10-03 15:14:35,TK669,11.88087272644043,50.201180,-114.899460,1744,311,2
2022-10-03 15:14:35,TK544,10.877958297729492,50.202610,-114.898926,1739,260,4.599999904632568
2022-10-03 15:14:36,TK542,10.215693473815918,50.202850,-114.901810,1758,321,3.9000000953674316
2022-10-03 15:14:36,L17755,10.706958770751953,50.201260,-114.900580,1750,77,5.900000095367432
2022-10-03 15:14:36,TK669,12.38923168182373,50.201202,-114.899490,1744,312,3.0999999046325684
2022-10-03 15:14:36,TK544,11.13244342803955,50.202606,-114.898970,1740,260,2.700000047683716
2022-10-03 15:14:37,TK542,9.883950233459473,50.202873,-114.901840,1758,321,3.200000047683716
2022-10-03 15:14:37,L17755,10.26877498626709,50.201267,-114.900536,1749,71,5.300000190734863
2022-10-03 15:14:37,TK669,12.643433570861816,50.201225,-114.899536,1745,311,3.200000047683716
2022-10-03 15:14:37,TK544,10.890104293823242,50.202602,-114.899010,1740,260,7.300000190734863
2022-10-03 15:14:38,TK542,9.592294692993164,50.202892,-114.901860,1758,320,4
2022-10-03 15:14:38,L17755,9.467726707458496,50.201280,-114.900500,1749,64,3.4000000953674316
2022-10-03 15:14:38,TK669,12.568537712097168,50.201250,-114.899574,1745,311,2.5999999046325684
2022-10-03 15:14:38,TK544,11.180014610290527,50.202595,-114.899060,1740,260,5.5
2022-10-03 15:14:39,TK542,9.334002494812012,50.202910,-114.901886,1758,320,5
2022-10-03 15:14:39,L17755,8.675999641418457,50.201294,-114.900470,1749,60,7.400000095367432
2022-10-03 15:14:39,TK669,12.69703197479248,50.201270,-114.899610,1745,311,2.5
2022-10-03 15:14:39,TK544,11.04443359375,50.202590,-114.899110,1741,259,4.400000095367432
2022-10-03 15:14:40,TK542,9.430694580078125,50.202930,-114.901920,1758,320,3.5
2022-10-03 15:14:40,L17755,7.099306106567383,50.201300,-114.900444,1749,56,7.300000190734863
2022-10-03 15:14:40,TK669,13.079697608947754,50.201298,-114.899660,1746,311,3.4000000953674316
2022-10-03 15:14:41,TK544,10.973565101623535,50.202587,-114.899155,1741,259,5.099999904632568
2022-10-03 15:14:41,TK542,9.578503608703613,50.202953,-114.901940,1758,319,4.199999809265137
2022-10-03 15:14:41,L17755,6.2050676345825195,50.201310,-114.900420,1749,58,7.599999904632568
2022-10-03 15:14:42,TK669,13.280292510986328,50.201320,-114.899704,1746,312,2.799999952316284
2022-10-03 15:14:42,TK544,11.050827026367188,50.202580,-114.899200,1742,259,8.100000381469727
2022-10-03 15:14:42,TK542,9.957173347473145,50.202972,-114.901960,1759,321,2.4000000953674316
2022-10-03 15:14:42,L17755,5.2432861328125,50.201317,-114.900406,1749,57,7.199999809265137
2022-10-03 15:14:43,TK669,13.94668960571289,50.201347,-114.899750,1746,311,1.7999999523162842
2022-10-03 15:14:43,TK544,10.802999496459961,50.202576,-114.899240,1742,259,5.5
2022-10-03 15:14:43,TK542,9.507340431213379,50.202990,-114.901990,1759,321,5.5
2022-10-03 15:14:43,L17755,5.122257232666016,50.201324,-114.900380,1749,56,5.900000095367432
2022-10-03 15:14:44,TK669,14.428232192993164,50.201374,-114.899790,1746,312,14.300000190734863
2022-10-03 15:14:44,TK544,10.703569412231445,50.202568,-114.899284,1742,259,3.700000047683716
2022-10-03 15:14:44,TK542,9.166153907775879,50.203014,-114.902016,1759,322,3.9000000953674316
2022-10-03 15:14:45,L17755,5.342695713043213,50.201332,-114.900370,1748,57,8.5
2022-10-03 15:14:45,TK669,14.150014877319336,50.201397,-114.899830,1747,311,8.899999618530273
2022-10-03 15:14:45,TK544,10.66821575164795,50.202564,-114.899330,1743,259,6.699999809265137
2022-10-03 15:14:46,TK542,8.762506484985352,50.203033,-114.902040,1759,322,3
2022-10-03 15:14:46,L17755,5.582902431488037,50.201344,-114.900345,1748,55,5
2022-10-03 15:14:46,TK669,14.888513565063477,50.201427,-114.899890,1747,311,4.300000190734863
2022-10-03 15:14:46,TK544,10.696362495422363,50.202557,-114.899376,1743,258,7.099999904632568
2022-10-03 15:14:47,TK542,8.150403022766113,50.203053,-114.902054,1759,322,2.9000000953674316
2022-10-03 15:14:47,L17755,4.592928409576416,50.201350,-114.900330,1748,56,5.199999809265137
2022-10-03 15:14:47,TK669,15.900429725646973,50.201458,-114.899930,1747,312,3.9000000953674316
2022-10-03 15:14:47,TK544,10.9224853515625,50.202553,-114.899420,1743,258,3.5999999046325684
2022-10-03 15:14:48,TK542,7.718453884124756,50.203068,-114.902080,1759,323,2.9000000953674316
2022-10-03 15:14:48,L17755,2.8757219314575195,50.201350,-114.900320,1748,55,3.799999952316284
2022-10-03 15:14:48,TK669,16.730087280273438,50.201492,-114.899990,1747,313,5.099999904632568
2022-10-03 15:14:48,TK544,11.120970726013184,50.202545,-114.899470,1744,257,5
2022-10-03 15:14:49,TK542,7.488086700439453,50.203083,-114.902090,1760,323,3.5
2022-10-03 15:14:49,L17755,1.6873979568481445,50.201355,-114.900320,1748,56,1.2999999523162842
2022-10-03 15:14:49,TK669,17.819381713867188,50.201523,-114.900040,1747,314,7.400000095367432
2022-10-03 15:14:49,TK544,11.297003746032715,50.202538,-114.899510,1744,257,2.0999999046325684
2022-10-03 15:14:50,L17755,1.507708191871643,50.201355,-114.900314,1748,56,2.5
2022-10-03 15:14:50,TK542,7.575070858001709,50.203100,-114.902115,1760,323,3.799999952316284
2022-10-03 15:14:50,TK669,17.87261390686035,50.201560,-114.900090,1748,316,4.400000095367432
2022-10-03 15:14:50,TK544,11.677547454833984,50.202534,-114.899570,1744,258,2.4000000953674316
2022-10-03 15:14:51,L17755,2.985396385192871,50.201363,-114.900300,1748,56,4.800000190734863
2022-10-03 15:14:51,TK542,7.3236775398254395,50.203117,-114.902130,1760,324,2.299999952316284
2022-10-03 15:14:51,TK544,11.90185260772705,50.202526,-114.899610,1745,260,2
2022-10-03 15:14:52,TK669,17.041847229003906,50.201590,-114.900140,1748,317,4
2022-10-03 15:14:52,L17755,4.493082523345947,50.201370,-114.900280,1748,52,8.100000381469727
2022-10-03 15:14:52,TK542,6.892566204071045,50.203133,-114.902145,1760,324,3.0999999046325684
2022-10-03 15:14:53,TK544,12.040640830993652,50.202522,-114.899666,1745,261,3.4000000953674316
2022-10-03 15:14:53,TK669,16.269611358642578,50.201630,-114.900190,1748,318,9.899999618530273
2022-10-03 15:14:53,TK542,6.302570819854736,50.203144,-114.902160,1760,324,2.200000047683716
2022-10-03 15:14:53,L17755,4.646650314331055,50.201378,-114.900270,1748,49,6
2022-10-03 15:14:54,TK544,12.499104499816895,50.202522,-114.899704,1745,263,4.099999904632568
2022-10-03 15:14:54,TK669,15.43610954284668,50.201660,-114.900230,1748,318,4
2022-10-03 15:14:54,TK542,5.072807312011719,50.203150,-114.902170,1760,325,2.4000000953674316
2022-10-03 15:14:54,L17755,4.811760425567627,50.201390,-114.900250,1748,46,4.599999904632568
2022-10-03 15:14:55,TK669,15.494100570678711,50.201690,-114.900270,1749,319,6.099999904632568
2022-10-03 15:14:55,TK544,12.91938591003418,50.202520,-114.899770,1745,266,2.799999952316284
2022-10-03 15:14:55,TK542,3.9938912391662598,50.203163,-114.902176,1760,325,6.5
2022-10-03 15:14:55,L17755,4.711050987243652,50.201400,-114.900240,1748,43,6.900000095367432
2022-10-03 15:14:56,TK669,15.427921295166016,50.201720,-114.900314,1749,319,2.9000000953674316
2022-10-03 15:14:56,TK544,13.147099494934082,50.202520,-114.899826,1746,268,4.5
2022-10-03 15:14:56,TK542,0,50.203167,-114.902180,1760,326,9.899999618530273
2022-10-03 15:14:57,L17755,5.351784706115723,50.201412,-114.900220,1748,42,3.5
2022-10-03 15:14:57,TK542,0.38939952850341797,50.203163,-114.902176,1760,326,12
2022-10-03 15:14:57,TK669,15.639503479003906,50.201756,-114.900360,1749,320,2.200000047683716
2022-10-03 15:14:57,TK544,13.608047485351562,50.202520,-114.899880,1746,269,3.700000047683716
2022-10-03 15:14:58,L17755,6.9211812019348145,50.201427,-114.900210,1748,38,5.099999904632568
2022-10-03 15:14:58,TK542,0,50.203160,-114.902176,1760,326,7.599999904632568
2022-10-03 15:14:58,TK669,15.694761276245117,50.201790,-114.900400,1749,320,3.4000000953674316
2022-10-03 15:14:58,TK544,13.60876178741455,50.202520,-114.899940,1746,270,3.200000047683716
2022-10-03 15:14:59,L17755,8.461915016174316,50.201450,-114.900185,1748,29,4.800000190734863
2022-10-03 15:14:59,TK669,15.777900695800781,50.201820,-114.900440,1749,320,2.700000047683716
2022-10-03 15:14:59,TK544,13.758783340454102,50.202520,-114.899994,1746,271,4.800000190734863
2022-10-03 15:15:00,L17755,9.585604667663574,50.201480,-114.900170,1748,18,5.199999809265137
2022-10-03 15:15:00,L19733,13.446855545043945,50.202587,-114.898920,1737,260,7
2022-10-03 15:15:00,TK669,15.73216438293457,50.201855,-114.900480,1749,320,3.5
2022-10-03 15:15:00,TK544,13.477901458740234,50.202522,-114.900050,1747,272,3.700000047683716
2022-10-03 15:15:01,L17755,10.270100593566895,50.201508,-114.900170,1748,7,6.900000095367432
2022-10-03 15:15:01,L19733,10.055928230285645,50.202583,-114.898960,1738,259,5.099999904632568
2022-10-03 15:15:01,TK669,16.175580978393555,50.201885,-114.900520,1750,320,2.4000000953674316
2022-10-03 15:15:01,TK544,12.80234146118164,50.202522,-114.900100,1747,273,1.899999976158142
2022-10-03 15:15:02,L17755,10.846101760864258,50.201538,-114.900170,1748,357,8.699999809265137
2022-10-03 15:15:02,L19733,7.9017333984375,50.202580,-114.898990,1738,259,6.900000095367432
2022-10-03 15:15:02,TK669,16.563325881958008,50.201920,-114.900566,1750,321,3.5999999046325684
2022-10-03 15:15:02,TK544,11.949939727783203,50.202526,-114.900150,1747,274,4.300000190734863
2022-10-03 15:15:03,L17755,11.587862968444824,50.201572,-114.900185,1748,345,11.300000190734863
2022-10-03 15:15:03,L19733,6.391901016235352,50.202580,-114.899010,1738,260,9.399999618530273
2022-10-03 15:15:03,TK669,16.51270294189453,50.201954,-114.900610,1750,321,4
2022-10-03 15:15:03,TK544,10.652229309082031,50.202530,-114.900190,1747,274,2.5999999046325684
2022-10-03 15:15:04,L17755,11.902941703796387,50.201600,-114.900210,1748,335,6.300000190734863
2022-10-03 15:15:04,L19733,8.220779418945312,50.202576,-114.899040,1739,260,3.9000000953674316
2022-10-03 15:15:04,TK669,15.962661743164062,50.201990,-114.900660,1750,320,4.900000095367432
2022-10-03 15:15:05,TK544,9.71933364868164,50.202530,-114.900240,1748,274,2.299999952316284
2022-10-03 15:15:05,L17755,12.150839805603027,50.201630,-114.900230,1749,329,3.4000000953674316
2022-10-03 15:15:05,L19733,11.055517196655273,50.202568,-114.899090,1739,260,5.300000190734863
2022-10-03 15:15:06,TK669,16.183391571044922,50.202026,-114.900700,1751,320,3.799999952316284
2022-10-03 15:15:06,TK544,8.562325477600098,50.202534,-114.900270,1748,275,4
2022-10-03 15:15:06,TK582,0,50.204277,-114.902450,1767,25,0.30000001192092896
2022-10-03 15:15:06,L17755,12.46686840057373,50.201664,-114.900260,1749,328,3.700000047683716
2022-10-03 15:15:06,L19733,13.594945907592773,50.202564,-114.899155,1739,261,5.300000190734863
2022-10-03 15:15:07,TK669,16.263277053833008,50.202060,-114.900750,1751,319,4.199999809265137
2022-10-03 15:15:07,TK544,8.27859115600586,50.202534,-114.900310,1748,275,3.5999999046325684
2022-10-03 15:15:08,L17755,12.832270622253418,50.201694,-114.900290,1749,325,5.199999809265137
2022-10-03 15:15:08,L19733,14.377753257751465,50.202557,-114.899216,1740,261,8.5
2022-10-03 15:15:08,TK669,14.939653396606445,50.202090,-114.900790,1751,319,3.5
2022-10-03 15:15:08,TK544,8.751258850097656,50.202538,-114.900345,1748,275,6.099999904632568
2022-10-03 15:15:09,L19733,15.16318130493164,50.202550,-114.899280,1740,260,12.899999618530273
2022-10-03 15:15:09,L17755,13.638869285583496,50.201725,-114.900320,1749,324,3.5999999046325684
2022-10-03 15:15:09,TK669,13.201991081237793,50.202114,-114.900820,1751,319,10.699999809265137
2022-10-03 15:15:09,TK544,9.184728622436523,50.202538,-114.900380,1749,275,3.5
2022-10-03 15:15:10,L19733,15.563703536987305,50.202540,-114.899345,1741,261,9.699999809265137
2022-10-03 15:15:10,L17755,14.25640869140625,50.201760,-114.900360,1749,322,2.200000047683716
2022-10-03 15:15:10,TK669,11.261326789855957,50.202140,-114.900856,1751,319,11.100000381469727
2022-10-03 15:15:10,TK544,9.299225807189941,50.202540,-114.900420,1749,275,2.200000047683716
2022-10-03 15:15:11,L19733,15.838895797729492,50.202534,-114.899414,1741,259,12.600000381469727
2022-10-03 15:15:11,L17755,15.136619567871094,50.201790,-114.900406,1749,322,2.700000047683716
2022-10-03 15:15:11,TK669,10.200458526611328,50.202160,-114.900880,1752,320,9.699999809265137
2022-10-03 15:15:11,TK544,9.231315612792969,50.202545,-114.900460,1749,276,6.300000190734863
2022-10-03 15:15:12,L17755,17.799625396728516,50.201830,-114.900444,1749,323,5.099999904632568
2022-10-03 15:15:12,L19733,13.334829330444336,50.202530,-114.899475,1742,261,3.799999952316284
2022-10-03 15:15:12,TK669,8.564142227172852,50.202175,-114.900900,1752,320,3.5999999046325684
2022-10-03 15:15:12,TK544,8.404284477233887,50.202545,-114.900490,1749,276,5.699999809265137
2022-10-03 15:15:13,L17755,19.281017303466797,50.201874,-114.900490,1750,325,5.199999809265137
2022-10-03 15:15:13,L19733,10.294363975524902,50.202526,-114.899510,1742,261,3.700000047683716
2022-10-03 15:15:13,TK669,8.832627296447754,50.202194,-114.900925,1752,321,5.800000190734863
2022-10-03 15:15:14,TK544,7.497859001159668,50.202550,-114.900520,1750,276,3.799999952316284
2022-10-03 15:15:14,L19733,8.227555274963379,50.202522,-114.899536,1742,261,4
2022-10-03 15:15:14,L17755,18.721384048461914,50.201916,-114.900536,1750,328,7.199999809265137
2022-10-03 15:15:14,TK669,8.472858428955078,50.202213,-114.900950,1752,321,4.400000095367432
2022-10-03 15:15:15,TK544,6.197962284088135,50.202553,-114.900560,1750,276,1.7999999523162842
2022-10-03 15:15:15,L19733,6.913874626159668,50.202522,-114.899570,1742,261,4.900000095367432
2022-10-03 15:15:15,L17755,17.182109832763672,50.201946,-114.900560,1750,328,4.599999904632568
2022-10-03 15:15:15,TK669,8.506519317626953,50.202232,-114.900970,1752,321,5.599999904632568
2022-10-03 15:15:16,TK544,5.255753517150879,50.202553,-114.900580,1750,277,2.700000047683716
2022-10-03 15:15:16,L19733,4.617692947387695,50.202520,-114.899580,1743,261,1.7000000476837158
2022-10-03 15:15:16,L17755,16.000612258911133,50.201992,-114.900600,1750,331,5.699999809265137
2022-10-03 15:15:17,TK669,8.641875267028809,50.202250,-114.900990,1752,321,4.400000095367432
2022-10-03 15:15:17,TK544,4.429609298706055,50.202557,-114.900600,1750,277,4.400000095367432
2022-10-03 15:15:17,L19733,2.6882143020629883,50.202520,-114.899590,1743,261,2.9000000953674316
2022-10-03 15:15:17,L17755,14.9878511428833,50.202023,-114.900620,1750,339,13.800000190734863
2022-10-03 15:15:18,TK669,8.461915016174316,50.202270,-114.901020,1752,321,2.9000000953674316
2022-10-03 15:15:18,TK544,4.719845771789551,50.202557,-114.900610,1750,277,2.799999952316284
2022-10-03 15:15:18,L19733,1.7414476871490479,50.202520,-114.899600,1743,262,1.100000023841858
2022-10-03 15:15:19,L17755,14.326778411865234,50.202070,-114.900635,1750,347,13.600000381469727
2022-10-03 15:15:19,TK669,8.281956672668457,50.202290,-114.901040,1752,321,3.5
2022-10-03 15:15:19,TK544,5.6976752281188965,50.202560,-114.900640,1750,277,4.400000095367432
2022-10-03 15:15:20,L19733,2.2148046493530273,50.202520,-114.899605,1743,262,1.5
2022-10-03 15:15:20,L17755,14.09628677368164,50.202106,-114.900635,1750,356,4.900000095367432
2022-10-03 15:15:20,TK669,8.000913619995117,50.202305,-114.901054,1752,321,4
2022-10-03 15:15:20,TK544,5.559640407562256,50.202560,-114.900665,1751,277,2.0999999046325684
2022-10-03 15:15:21,L19733,2.795278787612915,50.202520,-114.899620,1743,262,2
2022-10-03 15:15:21,L17755,14.1127347946167,50.202150,-114.900630,1750,8,8.199999809265137
2022-10-03 15:15:21,TK669,8.146665573120117,50.202320,-114.901080,1752,321,2.9000000953674316
2022-10-03 15:15:21,TK544,4.8009748458862305,50.202564,-114.900680,1751,278,3.799999952316284
2022-10-03 15:15:22,L19733,3.1926541328430176,50.202515,-114.899635,1743,262,1.2999999523162842
2022-10-03 15:15:22,L17755,14.425762176513672,50.202187,-114.900604,1750,19,12.199999809265137
2022-10-03 15:15:22,TK669,8.141096115112305,50.202340,-114.901100,1752,321,3.5
2022-10-03 15:15:22,TK544,3.635108709335327,50.202564,-114.900696,1751,278,3.5
2022-10-03 15:15:23,L19733,3.156935214996338,50.202515,-114.899650,1743,262,2.700000047683716
2022-10-03 15:15:23,L17755,14.698099136352539,50.202220,-114.900570,1750,33,10.5
2022-10-03 15:15:23,TK669,8.726046562194824,50.202360,-114.901120,1752,320,3.200000047683716
2022-10-03 15:15:24,TK544,4.256229400634766,50.202568,-114.900720,1751,278,7.599999904632568
2022-10-03 15:15:24,L19733,1.5188416242599487,50.202515,-114.899660,1743,263,5.099999904632568
2022-10-03 15:15:24,L17755,14.024391174316406,50.202244,-114.900536,1750,41,5.300000190734863
2022-10-03 15:15:24,TK669,8.905908584594727,50.202377,-114.901146,1753,321,3.700000047683716
2022-10-03 15:15:25,TK544,3.859226942062378,50.202568,-114.900734,1751,278,4.5
2022-10-03 15:15:25,L19733,1.9917470216751099,50.202515,-114.899666,1743,263,1.7000000476837158
2022-10-03 15:15:25,L17755,12.214774131774902,50.202267,-114.900500,1750,50,9.100000381469727
2022-10-03 15:15:25,TK669,8.635873794555664,50.202393,-114.901170,1753,321,3.799999952316284
2022-10-03 15:15:26,TK544,3.6402747631073,50.202568,-114.900750,1751,278,2.4000000953674316
2022-10-03 15:15:26,L19733,3.0453531742095947,50.202515,-114.899680,1743,263,3.0999999046325684
2022-10-03 15:15:26,L17755,11.20450496673584,50.202282,-114.900460,1750,57,8
2022-10-03 15:15:26,TK669,8.87237548828125,50.202410,-114.901190,1753,321,3.799999952316284
2022-10-03 15:15:27,TK544,4.332731246948242,50.202570,-114.900764,1751,278,2.200000047683716
2022-10-03 15:15:27,L19733,3.693291187286377,50.202510,-114.899700,1743,263,1.7999999523162842
2022-10-03 15:15:27,L17755,11.78982162475586,50.202293,-114.900420,1749,65,7.300000190734863
2022-10-03 15:15:27,TK669,9.548079490661621,50.202435,-114.901220,1753,322,2.9000000953674316
2022-10-03 15:15:28,TK544,4.00167179107666,50.202570,-114.900790,1751,278,4.800000190734863
2022-10-03 15:15:28,L19733,3.693291187286377,50.202510,-114.899710,1743,263,1.7999999523162842
2022-10-03 15:15:28,L17755,13.03587818145752,50.202305,-114.900360,1749,75,8
2022-10-03 15:15:29,TK669,9.561643600463867,50.202457,-114.901245,1753,323,2.799999952316284
2022-10-03 15:15:29,TK544,4.592787265777588,50.202576,-114.900800,1752,279,4.599999904632568
2022-10-03 15:15:29,L19733,3.5821356773376465,50.202510,-114.899730,1743,263,3.299999952316284
2022-10-03 15:15:29,L17755,14.417448997497559,50.202312,-114.900300,1749,78,7
2022-10-03 15:15:30,TK669,9.237701416015625,50.202477,-114.901270,1753,323,3.299999952316284
2022-10-03 15:15:30,TK544,5.06078577041626,50.202580,-114.900826,1752,278,3.4000000953674316
2022-10-03 15:15:30,L19733,3.8761487007141113,50.202510,-114.899740,1744,263,2.299999952316284
2022-10-03 15:15:31,L17755,15.584507942199707,50.202320,-114.900230,1748,82,4.300000190734863
2022-10-03 15:15:31,TK669,9.008131980895996,50.202496,-114.901290,1754,322,3.4000000953674316
2022-10-03 15:15:31,TK544,4.918448448181152,50.202580,-114.900850,1752,279,5.099999904632568
2022-10-03 15:15:32,L19733,3.976330041885376,50.202507,-114.899760,1744,264,1.399999976158142
2022-10-03 15:15:32,L17755,16.63838768005371,50.202328,-114.900170,1748,82,2.4000000953674316
2022-10-03 15:15:32,TK669,8.506519317626953,50.202515,-114.901310,1754,321,3.5
2022-10-03 15:15:32,TK544,3.447176218032837,50.202580,-114.900856,1752,277,3.4000000953674316
2022-10-03 15:15:33,L19733,3.979750633239746,50.202507,-114.899770,1744,264,3.4000000953674316
2022-10-03 15:15:33,L17755,17.580167770385742,50.202335,-114.900085,1748,83,4.699999809265137
2022-10-03 15:15:33,TK669,8.472858428955078,50.202534,-114.901340,1754,321,2.5
2022-10-03 15:15:33,TK544,2.42512845993042,50.202580,-114.900870,1752,276,2.5
2022-10-03 15:15:34,L19733,3.650407075881958,50.202507,-114.899790,1744,264,3.799999952316284
2022-10-03 15:15:34,L17755,18.165023803710938,50.202340,-114.900010,1747,84,2.9000000953674316
2022-10-03 15:15:34,TK548,14.61670970916748,50.204533,-114.902810,1767,179,3.0999999046325684
2022-10-03 15:15:34,TK669,8.103199005126953,50.202550,-114.901360,1754,320,2.799999952316284
2022-10-03 15:15:34,TK544,3.081103801727295,50.202580,-114.900890,1752,276,5.099999904632568
2022-10-03 15:15:35,L19733,4.188549995422363,50.202507,-114.899810,1744,265,4.800000190734863
2022-10-03 15:15:35,L17755,18.27570152282715,50.202343,-114.899925,1747,85,3.200000047683716
2022-10-03 15:15:35,TK548,14.941561698913574,50.204490,-114.902810,1766,179,3.799999952316284
2022-10-03 15:15:35,TK669,7.528477191925049,50.202560,-114.901375,1754,319,3.4000000953674316
2022-10-03 15:15:36,TK544,5.112760543823242,50.202583,-114.900900,1752,277,4.900000095367432
2022-10-03 15:15:36,L19733,4.114092826843262,50.202503,-114.899826,1744,265,4.099999904632568
2022-10-03 15:15:36,L17755,18.1134033203125,50.202347,-114.899850,1746,86,4.199999809265137
2022-10-03 15:15:36,TK548,15.483389854431152,50.204450,-114.902800,1766,178,4.099999904632568
2022-10-03 15:15:36,TK669,7.447216033935547,50.202580,-114.901405,1755,318,2.5
2022-10-03 15:15:37,TK544,6.028253555297852,50.202587,-114.900930,1752,277,7.5
2022-10-03 15:15:37,L19733,4.442610263824463,50.202503,-114.899850,1744,265,3.0999999046325684
2022-10-03 15:15:37,L17755,18.196067810058594,50.202354,-114.899780,1746,81,1.7999999523162842
2022-10-03 15:15:37,TK548,16.205759048461914,50.204403,-114.902800,1766,178,3.9000000953674316
2022-10-03 15:15:37,TK669,7.264956951141357,50.202600,-114.901430,1755,318,2.4000000953674316
2022-10-03 15:15:38,TK544,4.831650733947754,50.202587,-114.900955,1752,277,2.9000000953674316
2022-10-03 15:15:38,L19733,4.832589149475098,50.202503,-114.899864,1744,266,2.4000000953674316
2022-10-03 15:15:38,L17755,18.86138916015625,50.202370,-114.899700,1745,76,5.099999904632568
2022-10-03 15:15:38,TK548,16.641971588134766,50.204353,-114.902800,1766,178,5.300000190734863
2022-10-03 15:15:39,TK669,6.986783027648926,50.202610,-114.901440,1755,318,5.099999904632568
2022-10-03 15:15:39,TK544,3.8896663188934326,50.202587,-114.900960,1753,278,2.5
2022-10-03 15:15:39,L19733,5.771238803863525,50.202503,-114.899895,1744,266,2.799999952316284
2022-10-03 15:15:39,L17755,19.54438591003418,50.202380,-114.899610,1745,74,5.800000190734863
2022-10-03 15:15:39,TK548,17.0762996673584,50.204304,-114.902794,1766,177,8.199999809265137
2022-10-03 15:15:40,TK669,6.221441745758057,50.202620,-114.901460,1755,318,3.299999952316284
2022-10-03 15:15:40,TK544,3.742095708847046,50.202590,-114.900980,1753,278,2.4000000953674316
2022-10-03 15:15:40,L19733,6.164520263671875,50.202503,-114.899925,1744,266,4.300000190734863
2022-10-03 15:15:40,L17755,20.824094772338867,50.202393,-114.899520,1744,77,3.4000000953674316
2022-10-03 15:15:41,TK548,17.23151969909668,50.204258,-114.902794,1766,176,7.400000095367432
2022-10-03 15:15:41,TK669,5.940436363220215,50.202637,-114.901480,1755,318,1.399999976158142
2022-10-03 15:15:41,TK544,2.866694211959839,50.202590,-114.900990,1753,277,1.7000000476837158
2022-10-03 15:15:41,L19733,5.2590813636779785,50.202500,-114.899950,1745,267,4
2022-10-03 15:15:42,L17755,22.225736618041992,50.202408,-114.899430,1744,78,3.5999999046325684
2022-10-03 15:15:42,TK548,18.106426239013672,50.204205,-114.902790,1766,176,10.199999809265137
2022-10-03 15:15:42,TK669,5.943490028381348,50.202650,-114.901500,1755,318,1.5
2022-10-03 15:15:42,TK544,1.8129136562347412,50.202590,-114.901000,1753,277,3.4000000953674316
2022-10-03 15:15:43,L19733,5.293101787567139,50.202500,-114.899960,1745,268,4.900000095367432
2022-10-03 15:15:43,L17755,23.63843536376953,50.202420,-114.899320,1743,79,4.400000095367432
2022-10-03 15:15:43,TK548,18.605314254760742,50.204160,-114.902790,1766,176,8.699999809265137
2022-10-03 15:15:43,TK669,5.919783592224121,50.202660,-114.901510,1755,318,1.7999999523162842
2022-10-03 15:15:43,TK544,2.6932716369628906,50.202595,-114.901020,1753,278,3.5999999046325684
2022-10-03 15:15:44,L19733,4.682214736938477,50.202500,-114.899990,1745,268,4
2022-10-03 15:15:44,L17755,24.133697509765625,50.202430,-114.899230,1742,79,4.699999809265137
2022-10-03 15:15:44,TK548,18.789173126220703,50.204110,-114.902780,1766,176,4.300000190734863
2022-10-03 15:15:44,TK669,4.87331485748291,50.202670,-114.901530,1755,319,3.0999999046325684
2022-10-03 15:15:44,TK544,5.671571254730225,50.202600,-114.901050,1752,278,3.5
2022-10-03 15:15:45,L19733,4.4281463623046875,50.202500,-114.900000,1745,269,3.700000047683716
2022-10-03 15:15:45,L17755,23.698829650878906,50.202442,-114.899140,1742,79,4.5
2022-10-03 15:15:45,TK548,19.29885482788086,50.204056,-114.902770,1766,176,8.800000190734863
2022-10-03 15:15:45,TK669,3.4205684661865234,50.202675,-114.901535,1756,319,5.599999904632568
2022-10-03 15:15:45,TK544,5.630980014801025,50.202600,-114.901070,1751,278,2.0999999046325684
2022-10-03 15:15:46,L19733,4.500144004821777,50.202500,-114.900024,1745,269,2.299999952316284
2022-10-03 15:15:46,TK574,16.452354431152344,50.204520,-114.902790,1768,180,4.800000190734863
2022-10-03 15:15:46,L17755,23.188276290893555,50.202450,-114.899040,1741,80,7.900000095367432
2022-10-03 15:15:46,TK548,20.051223754882812,50.204014,-114.902770,1765,176,4.599999904632568
2022-10-03 15:15:46,TK669,0.8161764740943909,50.202680,-114.901535,1756,319,9.199999809265137
2022-10-03 15:15:46,TK544,6.629085063934326,50.202602,-114.901090,1752,278,5
2022-10-03 15:15:47,TK669,0.050911687314510345,50.202680,-114.901535,1756,319,8.800000190734863
2022-10-03 15:15:47,L19733,3.9600000381469727,50.202500,-114.900040,1745,269,1.899999976158142
2022-10-03 15:15:47,TK574,15.768369674682617,50.204490,-114.902790,1767,180,8.199999809265137
2022-10-03 15:15:47,L17755,23.660436630249023,50.202465,-114.898930,1740,79,5.599999904632568
2022-10-03 15:15:47,TK548,20.985652923583984,50.203945,-114.902760,1765,176,7.300000190734863
2022-10-03 15:15:48,TK544,5.992567539215088,50.202606,-114.901120,1752,277,2
2022-10-03 15:15:48,L19733,0,50.202500,-114.900050,1745,269,24.100000381469727
2022-10-03 15:15:48,TK574,15.768369674682617,50.204437,-114.902790,1767,180,6.300000190734863
2022-10-03 15:15:48,TK548,21.50188636779785,50.203896,-114.902756,1765,176,6.199999809265137
2022-10-03 15:15:49,TK544,2.540743112564087,50.202606,-114.901130,1752,277,3.200000047683716
2022-10-03 15:15:49,TK574,16.164159774780273,50.204390,-114.902790,1767,180,5.300000190734863
2022-10-03 15:15:49,TK548,21.627492904663086,50.203823,-114.902750,1765,175,4.599999904632568
2022-10-03 15:15:49,TK544,1.379791259765625,50.202606,-114.901130,1752,278,4
2022-10-03 15:15:50,TK544,0.6162207126617432,50.202606,-114.901130,1751,278,4.900000095367432
2022-10-03 15:15:50,TK574,17.028608322143555,50.204357,-114.902790,1767,180,9
2022-10-03 15:15:50,TK548,21.561355590820312,50.203766,-114.902740,1764,175,6.199999809265137
2022-10-03 15:15:51,TK544,1.1966954469680786,50.202610,-114.901140,1752,278,2.200000047683716
2022-10-03 15:15:51,TK574,17.606355667114258,50.204300,-114.902790,1767,181,6
2022-10-03 15:15:51,TK548,21.293018341064453,50.203705,-114.902730,1764,173,5
2022-10-03 15:15:52,TK544,3.426814317703247,50.202610,-114.901150,1752,279,14.300000190734863
2022-10-03 15:15:52,TK574,17.894933700561523,50.204243,-114.902794,1767,181,7.199999809265137
2022-10-03 15:15:53,TK548,20.736406326293945,50.203648,-114.902720,1764,171,6.599999904632568
2022-10-03 15:15:53,TK544,2.8241076469421387,50.202614,-114.901160,1752,281,14.5
2022-10-03 15:15:54,TK574,18.000324249267578,50.204197,-114.902794,1767,180,7
2022-10-03 15:15:54,TK548,20.715051651000977,50.203600,-114.902700,1763,169,7.400000095367432
2022-10-03 15:15:54,TK544,0.1835647076368332,50.202614,-114.901160,1752,281,14.600000381469727
2022-10-03 15:15:55,TK574,18.39825439453125,50.204144,-114.902790,1767,179,5.800000190734863
2022-10-03 15:15:55,TK548,21.578418731689453,50.203533,-114.902680,1763,166,9.800000190734863
2022-10-03 15:15:55,TK544,0,50.202614,-114.901150,1752,281,7.599999904632568
2022-10-03 15:15:56,TK574,18.62456512451172,50.204113,-114.902790,1767,177,5.800000190734863
2022-10-03 15:15:56,TK548,21.734045028686523,50.203472,-114.902650,1762,163,9.800000190734863
2022-10-03 15:15:56,TK544,0.6214563250541687,50.202614,-114.901160,1752,281,4.699999809265137
2022-10-03 15:15:57,TK544,0.14399999380111694,50.202614,-114.901160,1752,281,8.800000190734863
2022-10-03 15:15:57,TK574,19.712556838989258,50.204033,-114.902780,1766,177,5.099999904632568
2022-10-03 15:15:57,TK548,21.91524887084961,50.203410,-114.902610,1762,158,9.600000381469727
2022-10-03 15:15:58,TK544,0.43795889616012573,50.202614,-114.901150,1753,281,5.699999809265137
2022-10-03 15:15:58,TK542,0,50.203160,-114.902176,1760,326,0.699999988079071
2022-10-03 15:15:58,TK574,20.402727127075195,50.203976,-114.902780,1766,177,5.599999904632568
2022-10-03 15:15:58,TK544,0,50.202614,-114.901150,1753,281,3
2022-10-03 15:15:58,TK548,22.154775619506836,50.203360,-114.902570,1761,155,9.399999618530273
2022-10-03 15:15:59,TK574,21.06846046447754,50.203922,-114.902770,1766,176,5.800000190734863
2022-10-03 15:15:59,TK544,0.3671294152736664,50.202614,-114.901150,1753,281,2.700000047683716
2022-10-03 15:15:59,TK548,21.010711669921875,50.203312,-114.902540,1761,153,6.300000190734863
2022-10-03 15:16:00,TK544,0,50.202614,-114.901150,1753,281,1.600000023841858
2022-10-03 15:16:00,TK574,21.716833114624023,50.203860,-114.902760,1766,175,4.199999809265137
2022-10-03 15:16:00,TK548,21.405473709106445,50.203255,-114.902480,1760,148,5.199999809265137
2022-10-03 15:16:01,TK548,22.20835304260254,50.203205,-114.902430,1760,145,9
2022-10-03 15:16:01,TK574,22.648807525634766,50.203796,-114.902750,1765,173,9.399999618530273
2022-10-03 15:16:02,TK548,22.9303035736084,50.203156,-114.902374,1759,145,4.599999904632568
2022-10-03 15:16:02,TK574,23.4143123626709,50.203728,-114.902730,1765,171,4
2022-10-03 15:16:03,TK548,22.54014015197754,50.203106,-114.902320,1759,144,5.199999809265137
2022-10-03 15:16:03,TK574,24.34222984313965,50.203660,-114.902720,1764,170,5.5
2022-10-03 15:16:04,TK548,21.959999084472656,50.203056,-114.902260,1759,143,7
2022-10-03 15:16:05,TK574,24.534177780151367,50.203590,-114.902695,1764,168,6.800000190734863
2022-10-03 15:16:06,TK574,24.115808486938477,50.203533,-114.902670,1764,166,10.399999618530273
2022-10-03 15:16:06,TK548,20.716022491455078,50.203010,-114.902210,1758,142,6.599999904632568
2022-10-03 15:16:06,TK582,0,50.204277,-114.902450,1767,25,0.30000001192092896
2022-10-03 15:16:07,TK574,23.537752151489258,50.203476,-114.902640,1763,162,7.900000095367432
2022-10-03 15:16:07,TK548,17.46994400024414,50.202972,-114.902160,1758,142,6
2022-10-03 15:16:08,TK574,22.77389144897461,50.203410,-114.902600,1763,159,5.199999809265137
2022-10-03 15:16:08,TK548,13.06616497039795,50.202946,-114.902130,1758,141,12.899999618530273
2022-10-03 15:16:09,TK574,22.644258499145508,50.203354,-114.902565,1762,156,5
2022-10-03 15:16:09,TK548,12.734487533569336,50.202923,-114.902100,1757,141,6.699999809265137
2022-10-03 15:16:10,TK574,22.974714279174805,50.203300,-114.902520,1762,153,4.599999904632568
2022-10-03 15:16:10,TK548,13.853265762329102,50.202892,-114.902060,1757,141,9.800000190734863
2022-10-03 15:16:11,TK574,23.164817810058594,50.203240,-114.902466,1761,149,3.4000000953674316
2022-10-03 15:16:11,TK548,14.848505020141602,50.202860,-114.902020,1757,141,9.5
2022-10-03 15:16:12,TK574,23.174299240112305,50.203194,-114.902410,1761,146,6.699999809265137
2022-10-03 15:16:12,TK548,15.613295555114746,50.202827,-114.901980,1756,141,5.699999809265137
2022-10-03 15:16:13,TK574,22.753623962402344,50.203140,-114.902360,1760,144,3
2022-10-03 15:16:13,TK548,16.79383659362793,50.202790,-114.901930,1756,141,3.0999999046325684
2022-10-03 15:16:14,TK574,21.786693572998047,50.203094,-114.902310,1760,144,7.599999904632568
2022-10-03 15:16:14,TK548,17.929372787475586,50.202750,-114.901886,1756,141,6.099999904632568
2022-10-03 15:16:14,TK542,0.5191993713378906,50.203167,-114.902176,1761,326,1.2999999523162842
2022-10-03 15:16:15,TK574,21.995969772338867,50.203050,-114.902260,1759,144,8.699999809265137
2022-10-03 15:16:15,TK548,18.80654525756836,50.202713,-114.901830,1756,141,7.599999904632568
2022-10-03 15:16:16,TK542,2.1767351627349854,50.203175,-114.902180,1761,326,3.4000000953674316
2022-10-03 15:16:16,TK574,23.196992874145508,50.202995,-114.902200,1759,144,14
2022-10-03 15:16:16,TK548,19.869131088256836,50.202667,-114.901780,1755,141,8.5
2022-10-03 15:16:17,TK542,2.8856194019317627,50.203182,-114.902190,1761,326,1.7000000476837158
2022-10-03 15:16:17,TK574,23.633033752441406,50.202940,-114.902140,1758,144,12.5
2022-10-03 15:16:18,TK548,20.198148727416992,50.202625,-114.901726,1755,140,7.900000095367432
2022-10-03 15:16:18,TK542,3.2449960708618164,50.203190,-114.902200,1761,326,3.5999999046325684
2022-10-03 15:16:18,TK574,23.306489944458008,50.202890,-114.902080,1758,143,9.5
2022-10-03 15:16:19,TK548,20.99204444885254,50.202583,-114.901665,1754,139,6.599999904632568
2022-10-03 15:16:19,TK542,3.6644039154052734,50.203197,-114.902210,1761,326,3.299999952316284
2022-10-03 15:16:20,TK574,22.694538116455078,50.202840,-114.902020,1758,142,8
2022-10-03 15:16:20,TK548,22.003334045410156,50.202534,-114.901600,1754,139,3.799999952316284
2022-10-03 15:16:20,TK542,4.07373046875,50.203210,-114.902214,1761,326,1
2022-10-03 15:16:21,TK574,21.629379272460938,50.202797,-114.901970,1757,142,9
2022-10-03 15:16:21,TK548,22.910316467285156,50.202490,-114.901540,1753,138,4.599999904632568
2022-10-03 15:16:21,TK542,4.493082523345947,50.203220,-114.902230,1761,326,1.5
2022-10-03 15:16:22,TK574,22.228361129760742,50.202750,-114.901920,1757,142,8.399999618530273
2022-10-03 15:16:22,TK544,0.8759177923202515,50.202625,-114.901160,1752,281,0.4000000059604645
2022-10-03 15:16:22,TK548,23.980485916137695,50.202442,-114.901474,1753,138,4.699999809265137
2022-10-03 15:16:22,TK544,0,50.202625,-114.901160,1752,281,0.30000001192092896
2022-10-03 15:16:22,TK542,4.882481098175049,50.203230,-114.902240,1761,326,1.5
2022-10-03 15:16:23,TK574,23.093318939208984,50.202700,-114.901855,1756,142,16.200000762939453
2022-10-03 15:16:23,TK548,25.457117080688477,50.202393,-114.901405,1752,138,8.399999618530273
2022-10-03 15:16:23,TK542,5.621766090393066,50.203243,-114.902250,1761,327,2.299999952316284
2022-10-03 15:16:24,TK574,23.934179306030273,50.202650,-114.901790,1756,141,12.699999809265137
2022-10-03 15:16:24,TK548,27.080137252807617,50.202330,-114.901320,1752,138,7.300000190734863
2022-10-03 15:16:24,TK542,6.422343730926514,50.203260,-114.902270,1762,327,2.299999952316284
2022-10-03 15:16:25,TK574,24.235889434814453,50.202595,-114.901720,1755,140,8.100000381469727
2022-10-03 15:16:25,TK548,28.83240509033203,50.202280,-114.901245,1752,138,5.699999809265137
2022-10-03 15:16:25,TK542,7.476655006408691,50.203278,-114.902280,1762,328,2.700000047683716
2022-10-03 15:16:26,TK548,30.3927001953125,50.202220,-114.901170,1751,138,4.900000095367432
2022-10-03 15:16:26,TK574,24.305866241455078,50.202540,-114.901650,1755,138,4.300000190734863
2022-10-03 15:16:27,TK542,8.434915542602539,50.203297,-114.902300,1762,330,2
2022-10-03 15:16:27,TK574,24.364234924316406,50.202500,-114.901580,1754,135,4.5
2022-10-03 15:16:27,TK548,31.624479293823242,50.202152,-114.901080,1751,138,9.899999618530273
2022-10-03 15:16:28,TK542,9.794447898864746,50.203323,-114.902320,1762,331,3.200000047683716
2022-10-03 15:16:28,TK574,24.000986099243164,50.202457,-114.901505,1754,131,2.799999952316284
2022-10-03 15:16:28,TK548,33.38861846923828,50.202080,-114.900980,1750,138,7.900000095367432
2022-10-03 15:16:29,TK542,10.98017692565918,50.203350,-114.902340,1762,333,5
2022-10-03 15:16:29,TK574,24.057106018066406,50.202415,-114.901410,1753,124,5.599999904632568
2022-10-03 15:16:29,TK548,34.62812805175781,50.202007,-114.900880,1750,139,6.599999904632568
2022-10-03 15:16:30,TK542,11.818751335144043,50.203380,-114.902370,1763,334,4.099999904632568
2022-10-03 15:16:30,TK574,23.88105583190918,50.202385,-114.901310,1753,117,3.9000000953674316
2022-10-03 15:16:30,TK548,35.87690353393555,50.201927,-114.900770,1749,139,8.699999809265137
2022-10-03 15:16:31,TK542,12.48997688293457,50.203410,-114.902380,1763,336,5.900000095367432
2022-10-03 15:16:31,TK574,23.63829803466797,50.202362,-114.901230,1753,111,7
2022-10-03 15:16:31,TK548,36.764530181884766,50.201860,-114.900680,1749,139,4.199999809265137
2022-10-03 15:16:32,TK542,13.190057754516602,50.203445,-114.902405,1763,337,5.5
2022-10-03 15:16:32,TK574,23.860614776611328,50.202343,-114.901120,1752,105,9.199999809265137
2022-10-03 15:16:33,TK548,37.483245849609375,50.201780,-114.900580,1749,140,9.699999809265137
2022-10-03 15:16:33,TK542,13.316691398620605,50.203480,-114.902430,1763,338,6.199999809265137
2022-10-03 15:16:34,TK574,23.91291618347168,50.202328,-114.901020,1752,101,6.599999904632568
2022-10-03 15:16:34,TK548,37.581398010253906,50.201694,-114.900475,1748,140,9.699999809265137
2022-10-03 15:16:34,TK542,13.316691398620605,50.203510,-114.902440,1764,338,2.700000047683716
2022-10-03 15:16:35,TK574,23.844532012939453,50.202320,-114.900920,1751,97,5.199999809265137
2022-10-03 15:16:35,TK548,37.682716369628906,50.201614,-114.900370,1748,140,9.199999809265137
2022-10-03 15:16:35,TK542,13.363421440124512,50.203545,-114.902466,1764,338,3.700000047683716
2022-10-03 15:16:36,TK574,23.917930603027344,50.202312,-114.900810,1751,95,6.900000095367432
2022-10-03 15:16:36,TK548,37.66530990600586,50.201534,-114.900260,1747,139,16
2022-10-03 15:16:36,TK542,13.151091575622559,50.203580,-114.902490,1765,337,3
2022-10-03 15:16:37,TK574,23.356426239013672,50.202310,-114.900720,1750,92,7.199999809265137
2022-10-03 15:16:37,TK548,37.79201126098633,50.201460,-114.900160,1747,138,14.300000190734863
2022-10-03 15:16:38,TK542,12.900111198425293,50.203613,-114.902510,1765,336,3.9000000953674316
2022-10-03 15:16:38,TK574,23.36425018310547,50.202312,-114.900620,1750,89,5.800000190734863
2022-10-03 15:16:38,TK548,36.983795166015625,50.201385,-114.900055,1746,137,12.300000190734863
2022-10-03 15:16:39,TK542,12.749541282653809,50.203644,-114.902534,1765,336,3.0999999046325684
2022-10-03 15:16:39,TK574,22.982919692993164,50.202312,-114.900510,1749,87,4.300000190734863
2022-10-03 15:16:39,TK548,36.7651481628418,50.201350,-114.900000,1746,136,7
2022-10-03 15:16:40,TK542,12.943288803100586,50.203680,-114.902560,1765,336,4.300000190734863
2022-10-03 15:16:40,TK574,22.560169219970703,50.202316,-114.900420,1748,87,8.5
2022-10-03 15:16:40,TK548,36.60837173461914,50.201244,-114.899840,1744,135,8
2022-10-03 15:16:41,TK542,13.306614875793457,50.203712,-114.902580,1765,336,4.099999904632568
2022-10-03 15:16:41,TK574,22.493518829345703,50.202316,-114.900320,1748,87,4.900000095367432
2022-10-03 15:16:41,TK548,36.351837158203125,50.201170,-114.899730,1744,134,9.600000381469727
2022-10-03 15:16:42,TK542,13.67175579071045,50.203747,-114.902600,1766,337,7.599999904632568
2022-10-03 15:16:42,TK574,22.177898406982422,50.202320,-114.900230,1747,86,5.099999904632568
2022-10-03 15:16:42,TK548,36.089115142822266,50.201120,-114.899640,1743,133,6.099999904632568
2022-10-03 15:16:43,TK542,13.931767463684082,50.203780,-114.902626,1766,338,6
2022-10-03 15:16:43,TK574,22.13555145263672,50.202328,-114.900150,1747,85,6.099999904632568
2022-10-03 15:16:44,TK548,36.40333557128906,50.201040,-114.899506,1742,132,9
2022-10-03 15:16:44,TK669,0.4843304753303528,50.202682,-114.901535,1755,319,2.4000000953674316
2022-10-03 15:16:44,TK542,14.616576194763184,50.203820,-114.902640,1766,339,3.799999952316284
2022-10-03 15:16:44,TK574,21.84402084350586,50.202335,-114.900055,1747,82,7.400000095367432
2022-10-03 15:16:45,TK548,37.10531234741211,50.200970,-114.899390,1741,133,5.199999809265137
2022-10-03 15:16:45,TK669,1.4799458980560303,50.202686,-114.901535,1755,319,1.399999976158142
2022-10-03 15:16:45,TK542,15.086749076843262,50.203854,-114.902664,1766,340,6.699999809265137
2022-10-03 15:16:45,TK574,22.052490234375,50.202343,-114.899960,1746,80,8.300000190734863
2022-10-03 15:16:46,TK544,0.47350606322288513,50.202630,-114.901150,1753,281,0.10000000149011612
2022-10-03 15:16:46,TK669,2.628000020980835,50.202690,-114.901550,1755,319,1.7000000476837158
2022-10-03 15:16:46,TK544,0,50.202630,-114.901150,1753,281,0.10000000149011612
2022-10-03 15:16:46,TK542,15.745833396911621,50.203896,-114.902690,1766,340,10
2022-10-03 15:16:46,TK574,21.92207908630371,50.202354,-114.899864,1746,80,8.300000190734863
2022-10-03 15:16:47,TK669,3.904797077178955,50.202700,-114.901560,1755,319,1
2022-10-03 15:16:47,TK542,16.93982696533203,50.203945,-114.902710,1766,341,6.900000095367432
2022-10-03 15:16:48,TK574,22.010400772094727,50.202366,-114.899770,1745,80,4.699999809265137
2022-10-03 15:16:48,TK669,4.670158863067627,50.202713,-114.901570,1755,319,1.399999976158142
2022-10-03 15:16:48,L19733,0,50.202500,-114.900050,1745,269,1.2999999523162842
2022-10-03 15:16:48,TK542,18.24717140197754,50.203987,-114.902725,1766,344,5.599999904632568
2022-10-03 15:16:49,TK574,22.08255958557129,50.202377,-114.899670,1745,79,6.699999809265137
2022-10-03 15:16:49,TK669,5.333956241607666,50.202724,-114.901590,1755,318,1.2999999523162842
2022-10-03 15:16:49,L19733,0.36000001430511475,50.202496,-114.900040,1744,269,1.600000023841858
2022-10-03 15:16:49,TK542,18.756277084350586,50.204033,-114.902750,1766,346,3
2022-10-03 15:16:50,TK574,22.543848037719727,50.202390,-114.899580,1744,79,4.199999809265137
2022-10-03 15:16:50,L19733,1.7640000581741333,50.202496,-114.900055,1744,269,2.9000000953674316
2022-10-03 15:16:50,TK669,6.299177169799805,50.202736,-114.901610,1756,318,2.200000047683716
2022-10-03 15:16:51,TK542,18.89317512512207,50.204082,-114.902756,1766,348,2.9000000953674316
2022-10-03 15:16:51,TK574,23.16445541381836,50.202400,-114.899480,1744,78,6.699999809265137
2022-10-03 15:16:51,TK544,1.870961308479309,50.202630,-114.901170,1754,281,2.4000000953674316
2022-10-03 15:16:51,TK544,3.0500307083129883,50.202633,-114.901170,1754,281,3.0999999046325684
2022-10-03 15:16:51,L19733,1.7640000581741333,50.202496,-114.900060,1744,270,2.9000000953674316
2022-10-03 15:16:51,TK669,6.858259677886963,50.202750,-114.901630,1756,318,2.0999999046325684
2022-10-03 15:16:52,TK542,18.578964233398438,50.204132,-114.902770,1766,351,6
2022-10-03 15:16:52,TK574,23.617454528808594,50.202410,-114.899380,1743,78,5.300000190734863
2022-10-03 15:16:52,TK544,5.947086811065674,50.202633,-114.901200,1754,283,6.400000095367432
2022-10-03 15:16:52,L19733,1.7280000448226929,50.202496,-114.900070,1744,270,1
2022-10-03 15:16:52,TK669,6.986783027648926,50.202766,-114.901650,1756,318,2
2022-10-03 15:16:53,TK542,19.15592384338379,50.204185,-114.902780,1766,352,4.300000190734863
2022-10-03 15:16:53,TK574,24.316448211669922,50.202427,-114.899290,1742,78,8.300000190734863
2022-10-03 15:16:53,TK544,6.32965612411499,50.202640,-114.901220,1754,288,5.900000095367432
2022-10-03 15:16:54,L19733,1.5119999647140503,50.202496,-114.900070,1744,270,1.399999976158142
2022-10-03 15:16:54,TK669,7.0615997314453125,50.202780,-114.901670,1756,318,2.5
2022-10-03 15:16:54,TK542,20.073026657104492,50.204240,-114.902790,1766,355,3.0999999046325684
2022-10-03 15:16:54,TK574,25.284330368041992,50.202442,-114.899180,1741,78,6.199999809265137
2022-10-03 15:16:55,TK544,6.887675762176514,50.202650,-114.901250,1755,288,2.700000047683716
2022-10-03 15:16:55,L19733,1.3680000305175781,50.202496,-114.900080,1744,270,1.7999999523162842
2022-10-03 15:16:55,TK669,7.928586483001709,50.202797,-114.901695,1756,318,4.900000095367432
2022-10-03 15:16:55,TK542,20.10979461669922,50.204292,-114.902794,1766,357,9.800000190734863
2022-10-03 15:16:55,TK574,26.23609733581543,50.202457,-114.899080,1740,77,4.099999904632568
2022-10-03 15:16:56,TK544,8.287822723388672,50.202656,-114.901290,1755,288,3.9000000953674316
2022-10-03 15:16:56,L19733,1.3320000171661377,50.202496,-114.900085,1744,270,2.700000047683716
2022-10-03 15:16:56,TK669,9.229068756103516,50.202816,-114.901720,1756,318,5.5
2022-10-03 15:16:56,TK542,19.807361602783203,50.204346,-114.902794,1766,358,7.699999809265137
2022-10-03 15:16:56,TK574,27.385211944580078,50.202473,-114.898964,1740,76,3.5999999046325684
2022-10-03 15:16:57,TK544,9.517626762390137,50.202663,-114.901330,1755,289,3.4000000953674316
2022-10-03 15:16:57,L19733,2.9522194862365723,50.202500,-114.900100,1744,270,1.7000000476837158
2022-10-03 15:16:57,TK669,8.742072105407715,50.202835,-114.901750,1757,317,4
2022-10-03 15:16:57,TK542,19.37883758544922,50.204400,-114.902794,1766,358,13.5
2022-10-03 15:16:58,TK544,10.454266548156738,50.202670,-114.901370,1755,290,2.9000000953674316
2022-10-03 15:16:58,L19733,5.976975917816162,50.202500,-114.900130,1744,271,4
2022-10-03 15:16:58,TK669,9.197488784790039,50.202854,-114.901770,1757,317,3.299999952316284
2022-10-03 15:16:58,TK542,20.244808197021484,50.204453,-114.902800,1766,357,6.099999904632568
2022-10-03 15:16:59,TK544,9.720866203308105,50.202682,-114.901405,1756,291,3.200000047683716
2022-10-03 15:16:59,L19733,7.997187614440918,50.202500,-114.900160,1745,272,5.800000190734863
2022-10-03 15:16:59,TK669,9.144638061523438,50.202873,-114.901800,1757,317,2.9000000953674316
2022-10-03 15:16:59,TK542,21.217472076416016,50.204517,-114.902800,1766,357,8.300000190734863
2022-10-03 15:17:00,TK544,8.978157043457031,50.202690,-114.901436,1756,292,3.700000047683716
2022-10-03 15:17:00,L19733,8.753997802734375,50.202500,-114.900200,1745,272,5.599999904632568
2022-10-03 15:17:00,TK669,9.527153968811035,50.202892,-114.901830,1757,317,4
2022-10-03 15:17:01,TK544,8.097439765930176,50.202698,-114.901470,1756,293,4.099999904632568
2022-10-03 15:17:01,L19733,8.614838600158691,50.202503,-114.900240,1745,273,4.199999809265137
2022-10-03 15:17:01,TK669,10.162271499633789,50.202910,-114.901855,1757,317,3.799999952316284
2022-10-03 15:17:02,TK544,7.6212944984436035,50.202705,-114.901490,1756,294,4.599999904632568
2022-10-03 15:17:02,L19733,9.198052406311035,50.202503,-114.900276,1745,273,5.599999904632568
2022-10-03 15:17:02,TK669,9.834393501281738,50.202930,-114.901886,1757,317,4.5
2022-10-03 15:17:03,TK544,7.181616306304932,50.202717,-114.901510,1757,295,4.099999904632568
2022-10-03 15:17:03,L19733,10.768754959106445,50.202507,-114.900330,1745,275,6
2022-10-03 15:17:03,TK669,9.684066772460938,50.202953,-114.901920,1758,317,3.799999952316284
2022-10-03 15:17:04,TK544,7.229907989501953,50.202724,-114.901540,1757,297,2.299999952316284
2022-10-03 15:17:05,L19733,11.707474708557129,50.202507,-114.900375,1746,275,4.800000190734863
2022-10-03 15:17:05,TK669,9.73745059967041,50.202972,-114.901940,1758,317,6
2022-10-03 15:17:06,TK544,6.528319835662842,50.202732,-114.901566,1757,299,3
2022-10-03 15:17:06,L19733,12.46686840057373,50.202510,-114.900430,1746,275,5.400000095367432
2022-10-03 15:17:06,TK669,10.045226097106934,50.202995,-114.901970,1758,318,3.0999999046325684
2022-10-03 15:17:06,TK582,0,50.204277,-114.902450,1767,25,0.30000001192092896
2022-10-03 15:17:07,TK544,6.414973735809326,50.202744,-114.901580,1757,301,2.200000047683716
2022-10-03 15:17:07,L19733,13.04790210723877,50.202515,-114.900490,1746,276,4.699999809265137
2022-10-03 15:17:07,TK669,10.146892547607422,50.203014,-114.902000,1758,318,3.299999952316284
2022-10-03 15:17:08,TK544,7.174394607543945,50.202750,-114.901610,1757,301,2.5999999046325684
2022-10-03 15:17:08,L19733,12.820145606994629,50.202522,-114.900540,1747,277,6.5
2022-10-03 15:17:08,TK669,10.526845932006836,50.203037,-114.902030,1759,317,14.899999618530273
2022-10-03 15:17:09,TK544,7.837920188903809,50.202766,-114.901640,1757,303,1.899999976158142
2022-10-03 15:17:09,TK669,10.827384948730469,50.203056,-114.902060,1759,317,5.900000095367432
2022-10-03 15:17:09,L19733,12.41253662109375,50.202526,-114.900600,1747,278,4.300000190734863
2022-10-03 15:17:10,TK669,11.894009590148926,50.203080,-114.902090,1759,316,5.699999809265137
2022-10-03 15:17:10,TK544,8.13631820678711,50.202778,-114.901665,1757,306,1.5
2022-10-03 15:17:10,L19733,12.086782455444336,50.202530,-114.900640,1747,278,4
2022-10-03 15:17:11,TK669,13.112750053405762,50.203106,-114.902140,1759,316,3.200000047683716
2022-10-03 15:17:11,TK544,8.500880241394043,50.202793,-114.901690,1758,308,2
2022-10-03 15:17:11,L19733,11.848814010620117,50.202538,-114.900696,1748,279,5.900000095367432
2022-10-03 15:17:12,TK544,8.965445518493652,50.202810,-114.901720,1758,310,2.700000047683716
2022-10-03 15:17:12,TK669,13.18701171875,50.203133,-114.902176,1759,315,3.4000000953674316
2022-10-03 15:17:12,L19733,12.34217357635498,50.202545,-114.900750,1748,280,6.900000095367432
2022-10-03 15:17:13,TK669,12.908145904541016,50.203156,-114.902214,1760,316,2.799999952316284
2022-10-03 15:17:13,TK544,9.587767601013184,50.202824,-114.901740,1758,311,2.9000000953674316
2022-10-03 15:17:13,L19733,12.83161449432373,50.202550,-114.900800,1748,280,5.5
2022-10-03 15:17:14,TK669,12.760717391967773,50.203180,-114.902245,1760,316,2.4000000953674316
2022-10-03 15:17:14,TK544,10.117537498474121,50.202847,-114.901780,1758,312,4.099999904632568
2022-10-03 15:17:14,L19733,13.816920280456543,50.202560,-114.900860,1749,281,7.900000095367432
2022-10-03 15:17:15,TK669,12.793429374694824,50.203205,-114.902275,1760,317,2.200000047683716
2022-10-03 15:17:16,TK544,10.597460746765137,50.202866,-114.901810,1758,312,2.5
2022-10-03 15:17:16,L19733,14.482787132263184,50.202568,-114.900925,1749,282,6.199999809265137
2022-10-03 15:17:16,TK669,12.60853385925293,50.203228,-114.902306,1760,319,3.5999999046325684
2022-10-03 15:17:17,L19733,14.935662269592285,50.202576,-114.900986,1749,282,4.300000190734863
2022-10-03 15:17:17,TK544,10.771462440490723,50.202885,-114.901840,1758,313,2.799999952316284
2022-10-03 15:17:18,TK669,12.64466381072998,50.203260,-114.902340,1761,320,3
2022-10-03 15:17:18,L19733,15.66976261138916,50.202587,-114.901050,1750,282,6.199999809265137
2022-10-03 15:17:18,TK544,11.075661659240723,50.202908,-114.901880,1759,313,3.200000047683716
2022-10-03 15:17:19,TK669,12.989766120910645,50.203285,-114.902374,1761,322,3.200000047683716
2022-10-03 15:17:19,TK544,10.896171569824219,50.202927,-114.901910,1759,314,3.200000047683716
2022-10-03 15:17:19,L19733,16.729158401489258,50.202600,-114.901115,1750,284,6.400000095367432
2022-10-03 15:17:20,TK669,12.998442649841309,50.203316,-114.902410,1761,324,3.5
2022-10-03 15:17:20,TK544,10.438014030456543,50.202946,-114.901940,1759,314,3.5999999046325684
2022-10-03 15:17:20,L19733,17.27790069580078,50.202610,-114.901190,1751,285,6.300000190734863
2022-10-03 15:17:21,TK669,12.732095718383789,50.203342,-114.902440,1762,325,2.4000000953674316
2022-10-03 15:17:21,TK544,10.209348678588867,50.202965,-114.901970,1759,314,5.400000095367432
2022-10-03 15:17:21,L19733,18.389799118041992,50.202625,-114.901270,1751,287,5.5
2022-10-03 15:17:22,TK669,12.701420783996582,50.203373,-114.902466,1762,327,4.400000095367432
2022-10-03 15:17:22,TK544,10.056636810302734,50.202984,-114.902000,1759,314,4.400000095367432
2022-10-03 15:17:22,L19733,18.718477249145508,50.202644,-114.901344,1752,291,8.5
2022-10-03 15:17:23,TK669,12.528051376342773,50.203400,-114.902490,1762,328,2.5999999046325684
2022-10-03 15:17:23,TK544,9.444975852966309,50.203000,-114.902030,1759,314,3.4000000953674316
2022-10-03 15:17:23,L19733,19.164716720581055,50.202667,-114.901420,1752,295,5.5
2022-10-03 15:17:24,TK669,12.521377563476562,50.203430,-114.902520,1762,329,2.200000047683716
2022-10-03 15:17:24,TK544,10.05509090423584,50.203020,-114.902054,1760,314,5.699999809265137
2022-10-03 15:17:24,L19733,18.812334060668945,50.202694,-114.901490,1753,299,6.5
2022-10-03 15:17:25,TK669,12.308420181274414,50.203457,-114.902540,1763,331,2.200000047683716
2022-10-03 15:17:25,TK544,11.201034545898438,50.203040,-114.902090,1760,315,8.300000190734863
2022-10-03 15:17:25,L19733,17.866920471191406,50.202717,-114.901550,1753,302,6.800000190734863
2022-10-03 15:17:26,TK669,12.140970230102539,50.203484,-114.902565,1763,332,2.5999999046325684
2022-10-03 15:17:26,TK544,12.477103233337402,50.203068,-114.902130,1760,316,4.800000190734863
2022-10-03 15:17:26,L19733,17.004274368286133,50.202744,-114.901610,1753,304,10.600000381469727
2022-10-03 15:17:27,TK669,12.142251014709473,50.203518,-114.902590,1763,334,2.799999952316284
2022-10-03 15:17:28,TK544,13.222393989562988,50.203094,-114.902170,1760,317,3.700000047683716
2022-10-03 15:17:28,L19733,17.114696502685547,50.202774,-114.901670,1754,306,5.900000095367432
2022-10-03 15:17:28,TK521,11.262995719909668,50.200974,-114.899090,1740,312,2.799999952316284
2022-10-03 15:17:29,TK669,11.846680641174316,50.203545,-114.902600,1763,336,3.4000000953674316
2022-10-03 15:17:29,TK544,13.360705375671387,50.203120,-114.902200,1761,318,5.300000190734863
2022-10-03 15:17:29,L19733,17.36678123474121,50.202800,-114.901730,1754,307,9.5
2022-10-03 15:17:29,TK521,11.34045696258545,50.200993,-114.899124,1741,312,3.4000000953674316
2022-10-03 15:17:30,TK544,12.920841217041016,50.203148,-114.902240,1761,319,4.099999904632568
2022-10-03 15:17:30,L19733,16.718036651611328,50.202830,-114.901780,1754,309,8.199999809265137
2022-10-03 15:17:30,TK669,11.699999809265137,50.203570,-114.902620,1763,337,3.799999952316284
2022-10-03 15:17:30,TK521,11.417960166931152,50.201015,-114.899160,1741,312,2.799999952316284
2022-10-03 15:17:31,TK544,12.376148223876953,50.203175,-114.902270,1761,320,4.400000095367432
2022-10-03 15:17:31,L19733,16.1981201171875,50.202858,-114.901830,1755,311,6.099999904632568
2022-10-03 15:17:31,TK669,11.810688972473145,50.203613,-114.902650,1764,339,2.299999952316284
2022-10-03 15:17:31,TK521,11.623930931091309,50.201035,-114.899200,1741,312,1.7999999523162842
2022-10-03 15:17:32,L19733,16.292455673217773,50.202890,-114.901880,1755,315,9.199999809265137
2022-10-03 15:17:32,TK544,11.818367004394531,50.203197,-114.902300,1762,321,3.0999999046325684
2022-10-03 15:17:32,TK669,11.418811798095703,50.203644,-114.902664,1764,341,3.200000047683716
2022-10-03 15:17:33,TK521,11.728378295898438,50.201057,-114.899240,1741,311,2
2022-10-03 15:17:33,L19733,15.96327018737793,50.202920,-114.901930,1755,316,6
2022-10-03 15:17:33,TK544,11.2404203414917,50.203224,-114.902330,1762,322,3.4000000953674316
2022-10-03 15:17:33,TK669,11.717267036437988,50.203670,-114.902670,1764,342,6.599999904632568
2022-10-03 15:17:34,TK521,11.982539176940918,50.201080,-114.899280,1742,311,2.799999952316284
2022-10-03 15:17:34,L19733,15.771533966064453,50.202953,-114.901970,1756,319,10.100000381469727
2022-10-03 15:17:34,TK544,10.59843921661377,50.203243,-114.902350,1762,323,2.799999952316284
2022-10-03 15:17:34,TK669,12.00161361694336,50.203700,-114.902690,1764,344,3.4000000953674316
2022-10-03 15:17:35,TK521,12.111043930053711,50.201103,-114.899315,1742,311,3
2022-10-03 15:17:35,L19733,15.381482124328613,50.202988,-114.902016,1756,319,6.300000190734863
2022-10-03 15:17:35,TK544,10.989615440368652,50.203266,-114.902374,1762,324,3.299999952316284
2022-10-03 15:17:35,TK669,12.442519187927246,50.203735,-114.902695,1764,346,2.700000047683716
2022-10-03 15:17:36,TK521,12.317315101623535,50.201122,-114.899350,1742,311,2.200000047683716
2022-10-03 15:17:36,TK544,10.824213027954102,50.203290,-114.902400,1763,325,3.299999952316284
2022-10-03 15:17:36,L19733,15.051013946533203,50.203014,-114.902054,1756,321,7.300000190734863
2022-10-03 15:17:37,TK669,12.51143741607666,50.203770,-114.902710,1764,347,3.299999952316284
2022-10-03 15:17:37,TK521,12.472895622253418,50.201145,-114.899390,1743,311,2.5999999046325684
2022-10-03 15:17:37,TK544,10.783487319946289,50.203312,-114.902420,1763,326,4.199999809265137
2022-10-03 15:17:37,L19733,14.825051307678223,50.203050,-114.902090,1757,322,5.900000095367432
2022-10-03 15:17:38,TK669,12.80249309539795,50.203800,-114.902720,1765,349,3.799999952316284
2022-10-03 15:17:38,TK521,12.703154563903809,50.201170,-114.899440,1743,311,2.200000047683716
2022-10-03 15:17:38,TK544,11.047308921813965,50.203340,-114.902450,1763,327,3.799999952316284
2022-10-03 15:17:38,L19733,14.422392845153809,50.203080,-114.902130,1757,323,4.5
2022-10-03 15:17:39,TK669,13.470207214355469,50.203840,-114.902725,1765,350,3.4000000953674316
2022-10-03 15:17:39,TK521,12.858905792236328,50.201195,-114.899475,1744,311,4.599999904632568
2022-10-03 15:17:39,TK544,11.452810287475586,50.203360,-114.902470,1763,328,2.5999999046325684
2022-10-03 15:17:40,L19733,14.472716331481934,50.203114,-114.902170,1757,323,4
2022-10-03 15:17:40,TK669,13.82254695892334,50.203876,-114.902730,1765,351,5.699999809265137
2022-10-03 15:17:40,TK521,13.018467903137207,50.201218,-114.899520,1744,310,3.5999999046325684
2022-10-03 15:17:41,TK544,11.7750825881958,50.203392,-114.902500,1763,329,2.5
2022-10-03 15:17:41,L19733,14.20978832244873,50.203148,-114.902200,1757,325,4.099999904632568
2022-10-03 15:17:41,TK669,13.86467456817627,50.203915,-114.902740,1765,352,4.099999904632568
2022-10-03 15:17:41,TK521,13.155377388000488,50.201240,-114.899560,1744,310,4.900000095367432
2022-10-03 15:17:42,TK544,11.923556327819824,50.203415,-114.902520,1764,331,2.299999952316284
2022-10-03 15:17:42,L19733,13.409504890441895,50.203175,-114.902230,1758,326,7.699999809265137
2022-10-03 15:17:42,TK669,13.739837646484375,50.203953,-114.902750,1765,353,4
2022-10-03 15:17:42,TK521,13.242618560791016,50.201263,-114.899605,1744,309,3.5
2022-10-03 15:17:43,TK544,12.04295539855957,50.203445,-114.902540,1764,333,3.0999999046325684
2022-10-03 15:17:43,L19733,12.195926666259766,50.203200,-114.902250,1758,327,6.099999904632568
2022-10-03 15:17:43,TK669,14.121180534362793,50.203990,-114.902756,1765,353,2.799999952316284
2022-10-03 15:17:43,TK521,13.616235733032227,50.201286,-114.899650,1745,310,2.9000000953674316
2022-10-03 15:17:44,TK544,12.09267807006836,50.203476,-114.902560,1764,334,2.200000047683716
2022-10-03 15:17:44,L19733,10.101192474365234,50.203224,-114.902275,1758,328,7.800000190734863
2022-10-03 15:17:44,TK669,14.55077075958252,50.204030,-114.902756,1765,354,6.300000190734863
2022-10-03 15:17:45,TK521,13.76429271697998,50.201313,-114.899700,1745,310,4.400000095367432
2022-10-03 15:17:45,TK544,12.238358497619629,50.203506,-114.902580,1764,336,6.599999904632568
2022-10-03 15:17:45,L19733,9.705455780029297,50.203247,-114.902300,1758,329,4.300000190734863
2022-10-03 15:17:45,TK669,14.944684028625488,50.204067,-114.902760,1766,354,8.699999809265137
2022-10-03 15:17:46,TK521,14.186467170715332,50.201340,-114.899740,1745,311,3.299999952316284
2022-10-03 15:17:46,TK544,12.367663383483887,50.203537,-114.902596,1764,337,3.799999952316284
2022-10-03 15:17:46,L19733,10.310968399047852,50.203274,-114.902320,1759,329,3.799999952316284
2022-10-03 15:17:46,TK669,16.868488311767578,50.204117,-114.902770,1766,353,5.800000190734863
2022-10-03 15:17:47,TK521,14.655714988708496,50.201366,-114.899790,1746,312,2.4000000953674316
2022-10-03 15:17:47,TK544,12.838479995727539,50.203568,-114.902620,1765,339,2.700000047683716
2022-10-03 15:17:47,L19733,10.895577430725098,50.203297,-114.902340,1759,330,7.699999809265137
2022-10-03 15:17:48,TK669,17.251665115356445,50.204166,-114.902780,1766,354,3.4000000953674316
2022-10-03 15:17:48,TK521,14.980499267578125,50.201393,-114.899830,1746,312,4.199999809265137
2022-10-03 15:17:48,TK544,13.182981491088867,50.203600,-114.902630,1765,341,4.900000095367432
2022-10-03 15:17:48,L19733,11.676714897155762,50.203323,-114.902370,1759,331,4.5
2022-10-03 15:17:49,TK669,17.334064483642578,50.204212,-114.902790,1766,355,3.799999952316284
2022-10-03 15:17:49,TK521,15.532154083251953,50.201424,-114.899890,1746,313,11.5
2022-10-03 15:17:49,TK544,13.44825267791748,50.203636,-114.902650,1765,342,4.900000095367432
2022-10-03 15:17:49,L19733,12.161927223205566,50.203354,-114.902390,1759,331,5
2022-10-03 15:17:50,TK669,17.895477294921875,50.204258,-114.902794,1766,356,7.5
2022-10-03 15:17:50,TK521,16.088415145874023,50.201454,-114.899930,1746,314,7.699999809265137
2022-10-03 15:17:50,TK544,13.7610445022583,50.203670,-114.902664,1765,345,6.099999904632568
2022-10-03 15:17:50,L19733,12.686923027038574,50.203390,-114.902410,1760,333,4.400000095367432
2022-10-03 15:17:51,TK669,18.753236770629883,50.204310,-114.902794,1766,356,5.599999904632568
2022-10-03 15:17:51,TK521,16.393878936767578,50.201490,-114.899990,1747,315,6.900000095367432
2022-10-03 15:17:52,TK544,13.90178108215332,50.203710,-114.902670,1766,346,4.599999904632568
2022-10-03 15:17:52,L19733,13.040996551513672,50.203420,-114.902440,1760,333,1.899999976158142
2022-10-03 15:17:52,TK669,19.63746452331543,50.204370,-114.902800,1766,357,6.199999809265137
2022-10-03 15:17:52,TK521,17.291284561157227,50.201523,-114.900030,1747,316,7.800000190734863
2022-10-03 15:17:53,TK544,14.057758331298828,50.203747,-114.902690,1766,348,5.900000095367432
2022-10-03 15:17:53,L19733,13.201991081237793,50.203438,-114.902460,1760,333,4.699999809265137
2022-10-03 15:17:53,TK669,19.768720626831055,50.204422,-114.902800,1766,358,12.199999809265137
2022-10-03 15:17:53,TK521,17.990278244018555,50.201557,-114.900085,1747,317,12
2022-10-03 15:17:54,TK544,14.642842292785645,50.203780,-114.902700,1766,348,2.700000047683716
2022-10-03 15:17:54,L19733,13.547341346740723,50.203487,-114.902490,1761,335,4.699999809265137
2022-10-03 15:17:54,TK669,20.340795516967773,50.204480,-114.902800,1766,359,4.400000095367432
2022-10-03 15:17:54,TK521,18.521291732788086,50.201600,-114.900140,1747,318,7.699999809265137
2022-10-03 15:17:55,TK544,15.040332794189453,50.203820,-114.902710,1766,349,6.900000095367432
2022-10-03 15:17:55,L19733,13.831685066223145,50.203520,-114.902510,1761,336,4.099999904632568
2022-10-03 15:17:55,TK669,20.84412384033203,50.204533,-114.902800,1767,0,4.300000190734863
2022-10-03 15:17:56,TK521,19.32462501525879,50.201640,-114.900190,1747,319,5.400000095367432
2022-10-03 15:17:56,TK544,15.429265975952148,50.203860,-114.902720,1766,350,4.800000190734863
2022-10-03 15:17:56,L19733,14.333606719970703,50.203560,-114.902534,1762,337,4.699999809265137
2022-10-03 15:17:57,TK521,19.58628273010254,50.201683,-114.900246,1748,319,6.400000095367432
2022-10-03 15:17:57,TK544,15.813222885131836,50.203907,-114.902725,1766,351,3
2022-10-03 15:17:57,L19733,14.996150016784668,50.203598,-114.902560,1762,339,5.699999809265137
2022-10-03 15:17:58,TK521,19.789295196533203,50.201725,-114.900310,1748,319,5.5
2022-10-03 15:17:58,TK544,16.168970108032227,50.203950,-114.902740,1767,353,5.099999904632568
2022-10-03 15:17:58,L19733,15.796781539916992,50.203640,-114.902590,1762,339,6.099999904632568
2022-10-03 15:17:59,TK521,20.276567459106445,50.201763,-114.900350,1748,320,4.699999809265137
